Time,Total Memory,Free Memory,Current JVM Threads,Max JVM Threads,Total Sessions,Max Sessions,Session Average Time,Running Service Threads,Max Running Service Threads,Request Average Time,New Requests,Completed Requests
2025-05-12 00:00:24 UTC,10737418240,2706873568,16012,20616,2,3008,1485,2,3986,1236,57,57
2025-05-12 00:01:24 UTC,10737418240,4956559944,16012,20616,3,3008,2509,2,3986,2045,46,46
2025-05-12 00:02:24 UTC,10737418240,4053244368,16007,20616,2,3008,3387,2,3986,2439,65,65
2025-05-12 00:03:24 UTC,10737418240,2825879496,16006,20616,1,3008,3272,1,3986,2592,60,61
2025-05-12 00:04:24 UTC,10737418240,8008930040,16006,20616,1,3008,1405,1,3986,1282,58,58
2025-05-12 00:05:26 UTC,10737418240,2026462320,16006,20616,1,3008,1686,1,3986,1497,43,43
2025-05-12 00:06:26 UTC,10737418240,5275124208,16006,20616,2,3008,5147,2,3986,3943,49,48
2025-05-12 00:07:26 UTC,10737418240,4485625632,16005,20616,1,3008,2326,1,3986,2071,40,41
2025-05-12 00:08:26 UTC,10737418240,6965756024,16005,20616,2,3008,1722,2,3986,1584,51,50
2025-05-12 00:09:26 UTC,10737418240,5708781048,16005,20616,1,3008,1538,1,3986,1468,48,49
2025-05-12 00:10:27 UTC,10737418240,7684665424,16005,20616,2,3008,1765,2,3986,1520,39,38
2025-05-12 00:11:27 UTC,10737418240,7504730304,16005,20616,1,3008,2606,1,3986,2112,46,47
2025-05-12 00:12:27 UTC,10737418240,6500406672,16005,20616,1,3008,1609,1,3986,1424,52,52
2025-05-12 00:13:27 UTC,10737418240,7168805864,16001,20616,2,3008,2160,2,3986,2020,50,49
2025-05-12 00:14:27 UTC,10737418240,5999629904,16001,20616,2,3008,1626,2,3986,1543,42,42
2025-05-12 00:15:28 UTC,10737418240,3163944112,16000,20616,1,3008,1730,1,3986,1636,35,36
2025-05-12 00:16:28 UTC,10737418240,2662596576,16004,20616,1,3008,2379,1,3986,2170,45,45
2025-05-12 00:17:28 UTC,10737418240,7444877112,16000,20616,1,3008,1854,1,3986,1756,39,39
2025-05-12 00:18:28 UTC,10737418240,6178725304,16000,20616,1,3008,1670,1,3986,1528,48,48
2025-05-12 00:19:28 UTC,10737418240,4942524456,16000,20616,1,3008,2022,1,3986,1824,43,43
2025-05-12 00:20:28 UTC,10737418240,7489322216,16000,20616,1,3008,1696,1,3986,1474,47,47
2025-05-12 00:21:28 UTC,10737418240,7440201032,16000,20616,1,3008,2559,1,3986,2114,47,47
2025-05-12 00:22:28 UTC,10737418240,6316128888,16000,20616,1,3008,1609,1,3986,1386,53,53
2025-05-12 00:23:28 UTC,10737418240,5077752104,15999,20616,1,3008,1840,1,3986,1415,65,65
2025-05-12 00:24:28 UTC,10737418240,3799350904,15999,20616,1,3008,1670,1,3986,1395,68,68
2025-05-12 00:25:28 UTC,10737418240,9522426336,15999,20616,2,3008,1303,2,3986,1061,51,50
2025-05-12 00:26:28 UTC,10737418240,8744917776,15997,20616,2,3008,2300,2,3986,1865,55,55
2025-05-12 00:27:28 UTC,10737418240,7613726472,15999,20616,1,3008,1825,1,3986,1637,49,50
2025-05-12 00:28:28 UTC,10737418240,6379068552,15998,20616,2,3008,1462,2,3986,1211,61,60
2025-05-12 00:29:28 UTC,10737418240,5067157840,15997,20616,2,3008,1510,2,3986,1342,55,55
2025-05-12 00:30:29 UTC,10737418240,4082702856,15997,20616,1,3008,1719,1,3986,1502,34,35
2025-05-12 00:31:29 UTC,10737418240,8900431416,16011,20616,7,3008,3431,7,3986,3104,57,51
2025-05-12 00:32:29 UTC,10737418240,7813073352,16015,20616,1,3008,1946,1,3986,1887,110,116
2025-05-12 00:33:29 UTC,10737418240,6583986528,16007,20616,1,3008,1591,1,3986,1446,48,48
2025-05-12 00:34:29 UTC,10737418240,8183245368,16007,20616,2,3008,1697,2,3986,1443,48,47
2025-05-12 00:35:29 UTC,10737418240,9081965320,16007,20616,1,3008,1640,1,3986,1478,42,43
2025-05-12 00:36:29 UTC,10737418240,3055482400,16007,20616,1,3008,2708,1,3986,2304,42,42
2025-05-12 00:37:29 UTC,10737418240,8317176008,16007,20616,1,3008,1541,1,3986,1412,53,53
2025-05-12 00:38:29 UTC,10737418240,7087571928,16007,20616,1,3008,1865,1,3986,1691,44,44
2025-05-12 00:39:29 UTC,10737418240,5838698920,16007,20616,1,3008,1683,1,3986,1569,45,45
2025-05-12 00:40:31 UTC,10737418240,5332003704,16007,20616,2,3008,1853,2,3986,1682,34,33
2025-05-12 00:41:31 UTC,10737418240,7728656088,16007,20616,1,3008,2183,1,3986,2128,41,42
2025-05-12 00:42:31 UTC,10737418240,6642849472,16007,20616,1,3008,1837,1,3986,1623,43,43
2025-05-12 00:43:31 UTC,10737418240,5348360928,16006,20616,1,3008,1662,1,3986,1498,53,53
2025-05-12 00:44:31 UTC,10737418240,4158338760,16005,20616,1,3008,1972,1,3986,1860,39,39
2025-05-12 00:45:32 UTC,10737418240,2979523312,16004,20616,6,3008,2162,5,3986,2439,20,16
2025-05-12 00:46:32 UTC,10737418240,3510643560,16004,20616,2,3008,8761,2,3986,7184,30,33
2025-05-12 00:47:32 UTC,10737418240,8045693280,16004,20616,1,3008,2026,1,3986,1906,37,38
2025-05-12 00:48:32 UTC,10737418240,6795331272,16004,20616,1,3008,1586,1,3986,1453,46,46
2025-05-12 00:49:32 UTC,10737418240,5527774784,16004,20616,1,3008,1623,1,3986,1581,43,43
2025-05-12 00:50:32 UTC,10737418240,5246752048,16003,20616,2,3008,1554,2,3986,1497,33,32
2025-05-12 00:51:32 UTC,10737418240,8011016408,16004,20616,5,3008,3449,4,3986,2948,36,34
2025-05-12 00:52:32 UTC,10737418240,6866265520,16004,20616,1,3008,3262,1,3986,2661,38,41
2025-05-12 00:53:32 UTC,10737418240,5642134760,16004,20616,1,3008,1716,1,3986,1666,40,40
2025-05-12 00:54:32 UTC,10737418240,4440079928,16004,20616,1,3008,1859,1,3986,1787,39,39
2025-05-12 00:55:34 UTC,10737418240,7779424520,16003,20616,1,3008,1993,1,3986,1745,33,33
2025-05-12 00:56:34 UTC,10737418240,2693689000,16003,20616,2,3008,3407,2,3986,3073,31,30
2025-05-12 00:57:34 UTC,10737418240,7813547032,16003,20616,1,3008,1872,1,3986,1772,39,40
2025-05-12 00:58:34 UTC,10737418240,6689786928,16003,20616,1,3008,1804,1,3986,1719,44,44
2025-05-12 00:59:34 UTC,10737418240,5454709616,16009,20616,1,3008,2360,1,3986,1891,72,72
2025-05-12 01:00:34 UTC,10737418240,4777247160,16007,20616,3,3008,2444,2,3986,2190,28,27
2025-05-12 01:01:34 UTC,10737418240,3938975656,16007,20616,3,3008,11199,3,3986,10066,25,24
2025-05-12 01:02:34 UTC,10737418240,2971422824,16004,20616,1,3008,2398,1,3986,2281,31,33
2025-05-12 01:03:35 UTC,10737418240,7922968192,16002,20616,1,3008,1842,1,3986,1717,45,45
2025-05-12 01:04:35 UTC,10737418240,6751243128,16002,20616,1,3008,2200,1,3986,1926,41,41
2025-05-12 01:05:35 UTC,10737418240,4895702784,16002,20616,2,3008,2217,2,3986,1800,33,32
2025-05-12 01:06:35 UTC,10737418240,4294824504,16002,20616,1,3008,3536,1,3986,3533,25,26
2025-05-12 01:07:35 UTC,10737418240,3167721792,16002,20616,1,3008,2169,1,3986,2000,39,39
2025-05-12 01:08:35 UTC,10737418240,1961877440,16002,20616,2,3008,1753,2,3986,1594,47,46
2025-05-12 01:09:35 UTC,10737418240,6983096200,16002,20616,1,3008,1719,1,3986,1591,43,44
2025-05-12 01:10:35 UTC,10737418240,4804368264,16002,20616,1,3008,2266,1,3986,2037,38,38
2025-05-12 01:11:35 UTC,10737418240,5769078560,16002,20616,1,3008,3710,1,3986,3190,32,32
2025-05-12 01:12:35 UTC,10737418240,4654132152,16002,20616,1,3008,1553,1,3986,1332,57,57
2025-05-12 01:13:35 UTC,10737418240,3417178952,16002,20616,1,3008,1491,1,3986,1311,51,51
2025-05-12 01:14:35 UTC,10737418240,2223050368,16002,20616,1,3008,1712,1,3986,1394,54,54
2025-05-12 01:15:38 UTC,10737418240,1971394768,16002,20616,3,3008,2003,3,3986,1703,39,37
2025-05-12 01:16:38 UTC,10737418240,7277817640,16002,20616,1,3008,2503,1,3986,1962,40,42
2025-05-12 01:17:38 UTC,10737418240,6145819416,16002,20616,1,3008,1759,1,3986,1833,37,37
2025-05-12 01:18:38 UTC,10737418240,4913901584,16002,20616,1,3008,1859,1,3986,1812,38,38
2025-05-12 01:19:38 UTC,10737418240,3649180664,16002,20616,1,3008,1530,1,3986,1491,45,45
2025-05-12 01:20:40 UTC,10737418240,4735599064,16002,20616,2,3008,2782,3,3986,2281,40,38
2025-05-12 01:21:41 UTC,10737418240,8501976784,16002,20616,2,3008,2446,2,3986,2024,39,40
2025-05-12 01:22:41 UTC,10737418240,7273651808,16002,20616,1,3008,1815,1,3986,1627,49,50
2025-05-12 01:23:41 UTC,10737418240,6048683424,16003,20616,1,3008,1977,1,3986,1680,46,46
2025-05-12 01:24:41 UTC,10737418240,4837408120,16002,20616,1,3008,1676,1,3986,1632,40,40
2025-05-12 01:25:41 UTC,10737418240,6510039512,16002,20616,2,3008,3104,2,3986,2547,30,29
2025-05-12 01:26:41 UTC,10737418240,9480842360,16002,20616,2,3008,2489,2,3986,2174,40,40
2025-05-12 01:27:41 UTC,10737418240,8235164160,16004,20616,1,3008,2018,1,3986,1781,48,49
2025-05-12 01:28:41 UTC,10737418240,6970177504,16003,20616,2,3008,1738,2,3986,1572,45,44
2025-05-12 01:29:41 UTC,10737418240,5770057704,15994,20616,2,3008,2121,2,3986,1876,44,44
2025-05-12 01:30:41 UTC,10737418240,4578799096,15994,20616,1,3008,2667,1,3986,2303,29,30
2025-05-12 01:31:41 UTC,10737418240,5731701400,15993,20616,1,3008,2234,1,3986,2115,41,41
2025-05-12 01:32:41 UTC,10737418240,4533105392,15993,20616,2,3008,1842,2,3986,1619,51,50
2025-05-12 01:33:42 UTC,10737418240,9521600456,15993,20616,1,3008,1532,1,3986,1288,59,60
2025-05-12 01:34:42 UTC,10737418240,8266486168,15992,20616,1,3008,1394,1,3986,1227,56,56
2025-05-12 01:35:42 UTC,10737418240,9283416944,15992,20616,4,3008,1438,3,3986,1027,47,45
2025-05-12 01:36:43 UTC,10737418240,5393804680,15996,20616,1,3008,5225,1,3986,4067,44,46
2025-05-12 01:37:43 UTC,10737418240,8319714664,15993,20616,2,3008,1431,2,3986,1191,62,61
2025-05-12 01:38:43 UTC,10737418240,7048609448,15994,20616,1,3008,1950,1,3986,1580,54,55
2025-05-12 01:39:43 UTC,10737418240,5797578264,15993,20616,1,3008,1536,1,3986,1374,48,48
2025-05-12 01:40:43 UTC,10737418240,4323722872,15991,20616,1,3008,2284,1,3986,2178,24,24
2025-05-12 01:41:43 UTC,10737418240,7843080496,15991,20616,1,3008,3038,1,3986,2992,30,30
2025-05-12 01:42:43 UTC,10737418240,6595267192,15991,20616,1,3008,1737,1,3986,1839,38,38
2025-05-12 01:43:43 UTC,10737418240,5436685328,15991,20616,3,3008,1699,3,3986,1658,43,41
2025-05-12 01:44:43 UTC,10737418240,4141049088,15991,20616,1,3008,1979,1,3986,1692,54,56
2025-05-12 01:45:45 UTC,10737418240,3582113008,15991,20616,2,3008,2825,2,3986,2299,32,31
2025-05-12 01:46:45 UTC,10737418240,8565766136,15991,20616,1,3008,3073,1,3986,2870,36,37
2025-05-12 01:47:45 UTC,10737418240,7381841384,15990,20616,1,3008,2431,1,3986,2252,45,45
2025-05-12 01:48:45 UTC,10737418240,6135700176,15990,20616,2,3008,1863,2,3986,1856,35,34
2025-05-12 01:49:45 UTC,10737418240,4912137568,15990,20616,1,3008,2876,1,3986,2625,39,40
2025-05-12 01:50:45 UTC,10737418240,6163867344,15989,20616,1,3008,2055,1,3986,1754,33,33
2025-05-12 01:51:45 UTC,10737418240,3970632024,15990,20616,2,3008,3366,2,3986,3080,37,36
2025-05-12 01:52:45 UTC,10737418240,2745354016,15990,20616,2,3008,2561,2,3986,2102,56,56
2025-05-12 01:53:45 UTC,10737418240,7790981960,15990,20616,1,3008,1457,1,3986,1266,57,58
2025-05-12 01:54:45 UTC,10737418240,6522693288,15989,20616,1,3008,1599,1,3986,1396,56,56
2025-05-12 01:55:48 UTC,10737418240,2662738808,15989,20616,1,3008,2251,1,3986,1731,37,37
2025-05-12 01:56:48 UTC,10737418240,6655654032,15989,20616,1,3008,2815,1,3986,2474,40,40
2025-05-12 01:57:48 UTC,10737418240,5456808296,15988,20616,1,3008,2050,1,3986,1949,42,42
2025-05-12 01:58:48 UTC,10737418240,4249295600,15988,20616,1,3008,1894,1,3986,1877,38,38
2025-05-12 01:59:48 UTC,10737418240,3004969088,15988,20616,1,3008,1895,1,3986,1893,42,42
2025-05-12 02:00:48 UTC,10737418240,5393338976,15995,20616,1,3008,1547,1,3986,1325,33,33
2025-05-12 02:01:48 UTC,10737418240,6848252616,15990,20616,1,3008,5291,1,3986,4821,25,25
2025-05-12 02:02:48 UTC,10737418240,5763330936,15990,20616,1,3008,1773,1,3986,1793,37,37
2025-05-12 02:03:48 UTC,10737418240,4521571024,15990,20616,1,3008,1985,1,3986,1739,52,52
2025-05-12 02:04:48 UTC,10737418240,3227236968,15990,20616,2,3008,1926,2,3986,1675,53,52
2025-05-12 02:05:50 UTC,10737418240,6458589200,15990,20616,2,3008,1894,2,3986,1612,34,34
2025-05-12 02:06:50 UTC,10737418240,4347970040,15990,20616,2,3008,2436,2,3986,2242,48,48
2025-05-12 02:07:50 UTC,10737418240,3140233232,15990,20616,1,3008,1657,1,3986,1550,49,50
2025-05-12 02:08:50 UTC,10737418240,2192072544,15990,20616,1,3008,2024,1,3986,1818,42,42
2025-05-12 02:09:50 UTC,10737418240,7433408040,15990,20616,1,3008,2063,1,3986,1688,44,44
2025-05-12 02:10:53 UTC,10737418240,6350694456,15990,20616,3,3008,4828,3,3986,4036,27,25
2025-05-12 02:11:53 UTC,10737418240,3283417208,15990,20616,1,3008,4600,1,3986,3358,36,38
2025-05-12 02:12:53 UTC,10737418240,2283961784,15990,20616,2,3008,3272,2,3986,2350,39,38
2025-05-12 02:13:53 UTC,10737418240,7614563592,15989,20616,1,3008,2518,1,3986,2208,49,50
2025-05-12 02:14:54 UTC,10737418240,6629405552,15989,20616,3,3008,1836,2,3986,1558,47,46
2025-05-12 02:15:55 UTC,10737418240,5594574720,15991,20616,1,3008,11408,1,3986,8571,22,23
2025-05-12 02:16:55 UTC,10737418240,2502185056,15991,20616,1,3008,3587,1,3986,3322,41,41
2025-05-12 02:17:55 UTC,10737418240,1759386000,15995,20616,2,3008,2555,2,3986,2454,32,31
2025-05-12 02:18:55 UTC,10737418240,7465701552,15991,20616,3,3008,4112,2,3986,3467,34,34
2025-05-12 02:19:55 UTC,10737418240,5834725336,15990,20616,2,3008,3767,2,3986,3066,32,32
2025-05-12 02:20:56 UTC,10737418240,4834872968,15990,20616,1,3008,5471,1,3986,4740,22,23
2025-05-12 02:21:56 UTC,10737418240,2216576168,15990,20616,2,3008,3242,2,3986,2827,37,36
2025-05-12 02:22:56 UTC,10737418240,9828342264,15990,20616,2,3008,3410,2,3986,3205,38,38
2025-05-12 02:23:56 UTC,10737418240,8995825168,15991,20616,1,3008,2600,1,3986,2248,46,47
2025-05-12 02:24:56 UTC,10737418240,7452707552,15990,20616,1,3008,3181,1,3986,2884,33,33
2025-05-12 02:25:59 UTC,10737418240,5258668912,15992,20616,2,3008,3265,2,3986,2825,31,30
2025-05-12 02:26:59 UTC,10737418240,8988870176,15992,20616,1,3008,2423,1,3986,2113,50,51
2025-05-12 02:28:00 UTC,10737418240,7996755784,15990,20616,2,3008,2324,2,3986,2114,35,34
2025-05-12 02:29:00 UTC,10737418240,7081746528,15989,20616,4,3008,3051,4,3986,2534,55,53
2025-05-12 02:30:00 UTC,10737418240,5602500712,15989,20616,1,3008,2697,1,3986,2161,61,64
2025-05-12 02:31:00 UTC,10737418240,6830790136,15989,20616,2,3008,1995,2,3986,1614,31,30
2025-05-12 02:32:00 UTC,10737418240,9327832288,15989,20616,3,3008,2676,4,3986,3099,48,46
2025-05-12 02:33:00 UTC,10737418240,8471797768,15989,20616,1,3008,3332,1,3986,3708,54,57
2025-05-12 02:34:01 UTC,10737418240,7610469000,15989,20616,1,3008,2841,1,3986,2280,46,46
2025-05-12 02:35:04 UTC,10737418240,9036530488,15989,20616,2,3008,2298,1,3986,2069,41,41
2025-05-12 02:36:10 UTC,10737418240,7764231560,15989,20616,1,3008,3862,1,3986,3247,26,26
2025-05-12 02:37:10 UTC,10737418240,7304584784,15989,20616,1,3008,2237,1,3986,2182,41,41
2025-05-12 02:38:11 UTC,10737418240,6187926016,15988,20616,2,3008,1615,2,3986,1353,70,69
2025-05-12 02:39:11 UTC,10737418240,5039850992,15988,20616,1,3008,1505,1,3986,1361,51,52
2025-05-12 02:40:11 UTC,10737418240,8107158704,15996,20616,2,3008,1809,2,3986,1515,56,55
2025-05-12 02:41:11 UTC,10737418240,8065694184,15988,20616,1,3008,3237,1,3986,2472,40,41
2025-05-12 02:42:11 UTC,10737418240,7200793160,15988,20616,1,3008,1509,1,3986,1391,52,52
2025-05-12 02:43:11 UTC,10737418240,6064391760,15988,20616,1,3008,1617,1,3986,1258,64,64
2025-05-12 02:44:11 UTC,10737418240,4908619384,15988,20616,1,3008,2603,1,3986,1899,69,69
2025-05-12 02:45:13 UTC,10737418240,7270453536,15988,20616,2,3008,1595,2,3986,1241,56,55
2025-05-12 02:46:13 UTC,10737418240,6116412152,15988,20616,2,3008,11085,2,3986,8108,35,35
2025-05-12 02:47:13 UTC,10737418240,5189354520,15987,20616,1,3008,1958,1,3986,1732,57,58
2025-05-12 02:48:13 UTC,10737418240,4068642288,15988,20616,1,3008,2644,1,3986,1906,67,67
2025-05-12 02:49:13 UTC,10737418240,2896025512,15988,20616,2,3008,1765,2,3986,1442,62,61
2025-05-12 02:50:14 UTC,10737418240,5794766960,15988,20616,2,3008,2131,2,3986,1843,45,45
2025-05-12 02:51:14 UTC,10737418240,5174976376,15995,20616,1,3008,2636,1,3986,2013,55,56
2025-05-12 02:52:14 UTC,10737418240,4340076464,15989,20616,1,3008,1462,1,3986,1226,61,61
2025-05-12 02:53:15 UTC,10737418240,3233203328,15989,20616,1,3008,1748,1,3986,1435,54,54
2025-05-12 02:54:15 UTC,10737418240,8424715784,15989,20616,1,3008,1625,1,3986,1454,50,50
2025-05-12 02:55:16 UTC,10737418240,3796380696,15989,20616,6,3008,1881,5,3986,1592,52,48
2025-05-12 02:56:16 UTC,10737418240,6101552056,15989,20616,3,3008,6361,2,3986,4629,70,73
2025-05-12 02:57:16 UTC,10737418240,5302099032,15989,20616,1,3008,2031,1,3986,1689,40,41
2025-05-12 02:58:16 UTC,10737418240,4178220680,15989,20616,2,3008,1898,2,3986,1528,63,62
2025-05-12 02:59:16 UTC,10737418240,8068564344,15989,20616,1,3008,2060,1,3986,1889,50,51
2025-05-12 03:00:16 UTC,10737418240,7202957088,15989,20616,2,3008,2745,2,3986,1955,61,60
2025-05-12 03:01:16 UTC,10737418240,4199926216,15999,20616,2,3008,1530,2,3986,1331,108,108
2025-05-12 03:02:16 UTC,10737418240,3149793992,15993,20616,2,3008,2581,2,3986,2086,64,64
2025-05-12 03:03:16 UTC,10737418240,7470512424,15991,20616,2,3008,1710,2,3986,1355,77,77
2025-05-12 03:04:16 UTC,10737418240,6331964192,15991,20616,1,3008,1163,1,3986,860,94,95
2025-05-12 03:05:16 UTC,10737418240,6911349472,15992,20616,2,3008,1489,2,3986,1183,88,87
2025-05-12 03:06:17 UTC,10737418240,4795089312,15992,20616,7,3008,3291,6,3986,2719,52,48
2025-05-12 03:07:17 UTC,10737418240,8225079376,15992,20616,3,3008,4102,3,3986,3097,60,63
2025-05-12 03:08:17 UTC,10737418240,7111218816,15992,20616,1,3008,1717,1,3986,1378,63,65
2025-05-12 03:09:17 UTC,10737418240,5961680320,15992,20616,3,3008,2671,3,3986,2016,72,70
2025-05-12 03:10:17 UTC,10737418240,8059171808,15992,20616,1,3008,1270,1,3986,1041,73,75
2025-05-12 03:11:18 UTC,10737418240,6086240336,15990,20616,3,3008,2381,3,3986,1976,53,51
2025-05-12 03:12:18 UTC,10737418240,5517100144,15990,20616,1,3008,1726,1,3986,1338,75,77
2025-05-12 03:13:18 UTC,10737418240,4842359456,15990,20616,1,3008,1800,1,3986,1278,83,83
2025-05-12 03:14:18 UTC,10737418240,3837429352,15994,20616,1,3008,1354,1,3986,1121,70,70
2025-05-12 03:15:18 UTC,10737418240,6756514904,15989,20616,3,3008,5028,3,3986,3395,66,64
2025-05-12 03:16:18 UTC,10737418240,7166121800,15989,20616,1,3008,2287,1,3986,1842,61,63
2025-05-12 03:17:19 UTC,10737418240,7121589024,15989,20616,1,3008,1647,1,3986,1284,73,73
2025-05-12 03:18:19 UTC,10737418240,6110001840,15989,20616,1,3008,1323,1,3986,1411,94,94
2025-05-12 03:19:19 UTC,10737418240,7155038632,15990,20616,2,3008,1508,2,3986,1266,66,65
2025-05-12 03:20:21 UTC,10737418240,5802994488,15987,20616,3,3008,1811,4,3986,1315,85,83
2025-05-12 03:21:21 UTC,10737418240,7392302200,15985,20616,8,3008,2409,7,3986,2183,71,68
2025-05-12 03:22:21 UTC,10737418240,4850089664,15988,20616,1,3008,3888,1,3986,2825,74,80
2025-05-12 03:23:22 UTC,10737418240,3873153376,15984,20616,2,3008,1207,2,3986,949,102,101
2025-05-12 03:24:22 UTC,10737418240,2898469328,15984,20616,3,3008,1693,3,3986,1387,76,75
2025-05-12 03:25:22 UTC,10737418240,5086849800,15988,20616,2,3008,1445,2,3986,1134,72,73
2025-05-12 03:26:22 UTC,10737418240,4403600056,15988,20616,1,3008,7044,1,3986,5034,61,62
2025-05-12 03:27:22 UTC,10737418240,3501999728,15990,20616,2,3008,1878,2,3986,1544,66,65
2025-05-12 03:28:22 UTC,10737418240,2385457408,15989,20616,1,3008,2811,1,3986,1922,80,81
2025-05-12 03:29:22 UTC,10737418240,9539795384,15989,20616,1,3008,1265,1,3986,1001,94,94
2025-05-12 03:30:23 UTC,10737418240,5209143568,15988,20616,3,3008,1609,3,3986,1248,90,88
2025-05-12 03:31:23 UTC,10737418240,8793997576,15985,20616,5,3008,2991,4,3986,2342,57,56
2025-05-12 03:32:24 UTC,10737418240,7582764968,15993,20616,4,3008,3508,3,3986,2536,75,76
2025-05-12 03:33:24 UTC,10737418240,9234584336,15987,20616,1,3008,2332,1,3986,1682,100,102
2025-05-12 03:34:24 UTC,10737418240,8186904496,15986,20616,1,3008,1382,2,3986,1059,85,84
2025-05-12 03:35:27 UTC,10737418240,8573094504,15985,20616,1,3008,1475,1,3986,1105,104,105
2025-05-12 03:36:28 UTC,10737418240,8489593552,15985,20616,1,3008,3458,1,3986,2214,64,64
2025-05-12 03:37:28 UTC,10737418240,7448190384,15984,20616,1,3008,1544,1,3986,1242,72,72
2025-05-12 03:38:28 UTC,10737418240,6290127400,15983,20616,2,3008,1466,2,3986,1170,75,74
2025-05-12 03:39:28 UTC,10737418240,5171367488,15985,20616,1,3008,1481,1,3986,1068,88,89
2025-05-12 03:40:30 UTC,10737418240,5523905832,15984,20616,4,3008,1328,5,3986,985,108,104
2025-05-12 03:41:30 UTC,10737418240,4877828200,15982,20616,4,3008,2509,3,3986,1834,75,77
2025-05-12 03:42:30 UTC,10737418240,4056048128,15986,20616,2,3008,2122,2,3986,1336,95,96
2025-05-12 03:43:30 UTC,10737418240,8488254680,15987,20616,2,3008,1572,2,3986,1135,92,92
2025-05-12 03:44:30 UTC,10737418240,7462076200,15986,20616,1,3008,1355,1,3986,999,88,89
2025-05-12 03:45:32 UTC,10737418240,8420062640,15985,20616,3,3008,1429,3,3986,1059,83,81
2025-05-12 03:46:32 UTC,10737418240,3185594816,15985,20616,1,3008,4715,1,3986,3099,77,79
2025-05-12 03:47:32 UTC,10737418240,8889886440,15993,20616,1,3008,1382,1,3986,977,116,116
2025-05-12 03:48:32 UTC,10737418240,7816117104,15985,20616,2,3008,1795,2,3986,1131,116,115
2025-05-12 03:49:32 UTC,10737418240,6804414840,15991,20616,1,3008,1119,1,3986,836,114,115
2025-05-12 03:50:32 UTC,10737418240,7063183992,15985,20616,1,3008,791,1,3986,589,124,124
2025-05-12 03:51:32 UTC,10737418240,6706816248,15985,20616,5,3008,1829,3,3986,1340,91,89
2025-05-12 03:52:32 UTC,10737418240,8431112928,15984,20616,1,3008,1878,1,3986,1147,114,116
2025-05-12 03:53:32 UTC,10737418240,7370106048,15984,20616,2,3008,1349,2,3986,966,86,85
2025-05-12 03:54:32 UTC,10737418240,6268070216,15990,20616,3,3008,1244,3,3986,975,118,117
2025-05-12 03:55:32 UTC,10737418240,5936378136,15986,20616,2,3008,1167,2,3986,884,103,104
2025-05-12 03:56:32 UTC,10737418240,3458183432,15986,20616,4,3008,2179,3,3986,1558,101,100
2025-05-12 03:57:32 UTC,10737418240,8832827624,15986,20616,1,3008,2137,1,3986,1338,106,108
2025-05-12 03:58:32 UTC,10737418240,7894623704,15986,20616,1,3008,1534,1,3986,1063,129,129
2025-05-12 03:59:32 UTC,10737418240,6708293264,15988,20616,1,3008,2588,1,3986,1689,107,107
2025-05-12 04:00:32 UTC,10737418240,7746139936,16040,20616,8,3008,1285,7,3986,1019,195,189
2025-05-12 04:01:33 UTC,10737418240,4446783552,16028,20616,2,3008,777,2,3986,694,551,556
2025-05-12 04:02:33 UTC,10737418240,3776587696,16017,20616,1,3008,1360,1,3986,1028,93,94
2025-05-12 04:03:33 UTC,10737418240,2849106344,16020,20616,2,3008,1168,2,3986,883,105,104
2025-05-12 04:04:33 UTC,10737418240,8007982760,16016,20616,1,3008,2785,1,3986,1888,86,87
2025-05-12 04:05:33 UTC,10737418240,8339460640,16016,20616,6,3008,1611,5,3986,1126,97,93
2025-05-12 04:06:34 UTC,10737418240,5398463600,16016,20616,2,3008,5342,2,3986,3465,112,115
2025-05-12 04:07:34 UTC,10737418240,4439042320,16016,20616,2,3008,1450,2,3986,1055,140,140
2025-05-12 04:08:34 UTC,10737418240,3328031552,16018,20616,4,3008,1114,3,3986,828,114,113
2025-05-12 04:09:34 UTC,10737418240,7414638624,16017,20616,3,3008,2544,3,3986,1785,110,110
2025-05-12 04:10:34 UTC,10737418240,6954437848,16016,20616,8,3008,1383,7,3986,1096,91,87
2025-05-12 04:11:35 UTC,10737418240,8124926336,16018,20616,2,3008,6235,2,3986,3997,100,105
2025-05-12 04:12:35 UTC,10737418240,7019374056,16020,20616,2,3008,2601,2,3986,1776,115,115
2025-05-12 04:13:35 UTC,10737418240,5903003264,16020,20616,1,3008,1189,1,3986,851,134,135
2025-05-12 04:14:35 UTC,10737418240,4758910896,16019,20616,2,3008,1029,2,3986,732,114,113
2025-05-12 04:15:35 UTC,10737418240,4649445520,16018,20616,9,3008,1053,10,3986,757,101,93
2025-05-12 04:16:36 UTC,10737418240,4503766760,16020,20616,1,3008,4412,1,3986,2994,108,117
2025-05-12 04:17:36 UTC,10737418240,3740952320,16020,20616,2,3008,1341,2,3986,982,117,116
2025-05-12 04:18:36 UTC,10737418240,7598729504,16020,20616,2,3008,969,2,3986,701,133,133
2025-05-12 04:19:36 UTC,10737418240,6434791952,16019,20616,2,3008,929,2,3986,693,143,143
2025-05-12 04:20:36 UTC,10737418240,5544310400,16027,20616,10,3008,1383,9,3986,964,142,135
2025-05-12 04:21:36 UTC,10737418240,6338251816,16017,20616,3,3008,4228,2,3986,2675,118,124
2025-05-12 04:22:36 UTC,10737418240,5323840776,16021,20616,3,3008,767,3,3986,609,144,143
2025-05-12 04:23:36 UTC,10737418240,4159202352,16024,20616,3,3008,1282,3,3986,994,130,130
2025-05-12 04:24:36 UTC,10737418240,2961944832,16016,20616,1,3008,1023,1,3986,806,133,135
2025-05-12 04:25:36 UTC,10737418240,1686975776,16016,20616,8,3008,1285,7,3986,905,113,107
2025-05-12 04:26:36 UTC,10737418240,2009300496,16017,20616,2,3008,4954,2,3986,3323,131,136
2025-05-12 04:27:36 UTC,10737418240,6927290216,16022,20616,5,3008,1129,4,3986,850,131,129
2025-05-12 04:28:36 UTC,10737418240,5690850248,16017,20616,2,3008,2016,2,3986,1397,151,153
2025-05-12 04:29:37 UTC,10737418240,4424071840,16022,20616,2,3008,1556,2,3986,1042,157,157
2025-05-12 04:30:39 UTC,10737418240,7669216248,16068,20616,7,3008,921,8,3986,779,222,216
2025-05-12 04:31:39 UTC,10737418240,9437321368,16013,20616,2,3008,1047,2,3986,797,159,165
2025-05-12 04:32:39 UTC,10737418240,8371777240,16012,20616,1,3008,1014,1,3986,736,156,157
2025-05-12 04:33:39 UTC,10737418240,7149840080,16014,20616,5,3008,1185,4,3986,874,147,144
2025-05-12 04:34:39 UTC,10737418240,5973812664,16014,20616,3,3008,1438,4,3986,905,173,173
2025-05-12 04:35:40 UTC,10737418240,8184710888,16018,20616,11,3008,1335,12,3986,969,184,176
2025-05-12 04:36:40 UTC,10737418240,8579117280,16015,20616,5,3008,3848,6,3986,2636,182,188
2025-05-12 04:37:40 UTC,10737418240,7490429608,16014,20616,3,3008,1687,3,3986,1249,164,167
2025-05-12 04:38:40 UTC,10737418240,6206613280,16016,20616,2,3008,1590,2,3986,1040,175,176
2025-05-12 04:39:40 UTC,10737418240,8914745144,16015,20616,2,3008,1008,2,3986,723,185,185
2025-05-12 04:40:40 UTC,10737418240,9146334032,16016,20616,11,3008,1050,10,3986,717,169,161
2025-05-12 04:41:40 UTC,10737418240,7824622312,16016,20616,1,3008,7199,1,3986,3299,188,197
2025-05-12 04:42:40 UTC,10737418240,6648879888,16016,20616,5,3008,932,4,3986,673,181,178
2025-05-12 04:43:40 UTC,10737418240,5429301512,16016,20616,2,3008,1938,2,3986,1291,151,153
2025-05-12 04:44:40 UTC,10737418240,4322676056,16016,20616,3,3008,1057,2,3986,709,151,151
2025-05-12 04:45:42 UTC,10737418240,9087520808,16016,20616,3,3008,2090,3,3986,1344,127,126
2025-05-12 04:46:42 UTC,10737418240,6625720096,16015,20616,2,3008,1199,2,3986,897,170,171
2025-05-12 04:47:42 UTC,10737418240,5555934656,16021,20616,4,3008,1327,3,3986,958,193,192
2025-05-12 04:48:42 UTC,10737418240,4255720312,16016,20616,3,3008,1489,3,3986,966,201,201
2025-05-12 04:49:43 UTC,10737418240,8719043560,16016,20616,1,3008,1871,1,3986,1203,152,154
2025-05-12 04:50:43 UTC,10737418240,8332935592,16016,20616,11,3008,1626,10,3986,1094,140,131
2025-05-12 04:51:43 UTC,10737418240,7393458128,16021,20616,4,3008,3439,4,3986,2366,177,183
2025-05-12 04:52:43 UTC,10737418240,6118272952,16013,20616,2,3008,867,2,3986,618,189,191
2025-05-12 04:53:43 UTC,10737418240,4871457256,16013,20616,2,3008,882,2,3986,656,174,174
2025-05-12 04:54:43 UTC,10737418240,3708925376,16013,20616,4,3008,1011,3,3986,699,173,172
2025-05-12 04:55:43 UTC,10737418240,6868938264,16013,20616,4,3008,2284,4,3986,1379,172,171
2025-05-12 04:56:43 UTC,10737418240,7572091912,16017,20616,1,3008,1126,1,3986,801,187,190
2025-05-12 04:57:43 UTC,10737418240,6261874744,16017,20616,1,3008,1794,1,3986,1231,189,189
2025-05-12 04:58:43 UTC,10737418240,5084155608,16019,20616,2,3008,983,2,3986,743,165,164
2025-05-12 04:59:44 UTC,10737418240,4006830848,16020,20616,3,3008,856,3,3986,589,169,168
2025-05-12 05:00:45 UTC,10737418240,8578636928,16053,20616,22,3008,890,22,3986,707,285,266
2025-05-12 05:01:45 UTC,10737418240,5202776920,16013,20616,2,3008,2233,2,3986,1660,297,317
2025-05-12 05:02:45 UTC,10737418240,4108140048,16014,20616,4,3008,1008,4,3986,697,199,197
2025-05-12 05:03:45 UTC,10737418240,2870766352,16014,20616,1,3008,1456,1,3986,963,214,217
2025-05-12 05:04:45 UTC,10737418240,7916381872,16014,20616,2,3008,1584,2,3986,952,187,186
2025-05-12 05:05:45 UTC,10737418240,5458622896,16014,20616,10,3008,1245,10,3986,779,160,152
2025-05-12 05:06:45 UTC,10737418240,6857819120,16014,20616,3,3008,3626,3,3986,2300,188,195
2025-05-12 05:07:46 UTC,10737418240,8834014512,16017,20616,2,3008,892,2,3986,650,186,187
2025-05-12 05:08:46 UTC,10737418240,7551250928,16020,20616,2,3008,736,2,3986,556,217,217
2025-05-12 05:09:46 UTC,10737418240,6254852560,16014,20616,2,3008,1775,2,3986,1131,195,195
2025-05-12 05:10:48 UTC,10737418240,3751856880,16013,20616,4,3008,757,4,3986,524,245,243
2025-05-12 05:11:48 UTC,10737418240,5971968784,16022,20616,2,3008,1346,2,3986,925,220,222
2025-05-12 05:12:48 UTC,10737418240,5110610824,16014,20616,1,3008,828,1,3986,565,242,243
2025-05-12 05:13:48 UTC,10737418240,3786478696,16010,20616,13,3008,1043,12,3986,692,224,213
2025-05-12 05:14:49 UTC,10737418240,7265750632,16015,20616,1,3008,1648,1,3986,1105,266,277
2025-05-12 05:15:49 UTC,10737418240,6453821704,16011,20616,11,3008,924,12,3986,623,171,160
2025-05-12 05:16:49 UTC,10737418240,2715252856,16010,20616,2,3008,4126,2,3986,2583,203,213
2025-05-12 05:17:49 UTC,10737418240,7943630632,16011,20616,1,3008,785,1,3986,529,230,231
2025-05-12 05:18:50 UTC,10737418240,6619280360,16010,20616,2,3008,1443,2,3986,920,215,214
2025-05-12 05:19:50 UTC,10737418240,5302593520,16014,20616,4,3008,1486,4,3986,966,228,226
2025-05-12 05:20:53 UTC,10737418240,6927415888,16010,20616,2,3008,1166,2,3986,812,185,187
2025-05-12 05:21:53 UTC,10737418240,4984057232,16010,20616,5,3008,967,5,3986,665,211,208
2025-05-12 05:22:53 UTC,10737418240,8201722456,16010,20616,2,3008,726,2,3986,493,218,221
2025-05-12 05:23:53 UTC,10737418240,7238471792,16010,20616,2,3008,774,2,3986,516,245,245
2025-05-12 05:24:54 UTC,10737418240,5966925568,16009,20616,9,3008,839,8,3986,544,249,243
2025-05-12 05:25:54 UTC,10737418240,4289955992,16017,20616,33,3008,1430,26,3986,1148,207,189
2025-05-12 05:26:54 UTC,10737418240,6385200472,16011,20616,3,3008,14393,3,3986,7496,233,256
2025-05-12 05:27:54 UTC,10737418240,5064774504,16010,20616,1,3008,957,1,3986,689,232,234
2025-05-12 05:28:54 UTC,10737418240,3737706936,16011,20616,9,3008,900,8,3986,653,196,189
2025-05-12 05:29:54 UTC,10737418240,2352145392,16015,20616,2,3008,1365,2,3986,914,222,228
2025-05-12 05:30:54 UTC,10737418240,5675777880,16011,20616,5,3008,1011,5,3986,675,199,196
2025-05-12 05:31:54 UTC,10737418240,5459874472,16006,20616,2,3008,2339,2,3986,1469,256,259
2025-05-12 05:32:54 UTC,10737418240,4140247360,16004,20616,1,3008,843,2,3986,579,263,263
2025-05-12 05:33:54 UTC,10737418240,7594552664,16004,20616,2,3008,770,2,3986,554,282,282
2025-05-12 05:34:54 UTC,10737418240,6241608688,16004,20616,2,3008,731,2,3986,501,280,280
2025-05-12 05:35:55 UTC,10737418240,6155198864,16005,20616,21,3008,1181,20,3986,806,245,227
2025-05-12 05:36:55 UTC,10737418240,9879367176,16003,20616,1,3008,7178,1,3986,3475,243,262
2025-05-12 05:37:55 UTC,10737418240,8631067552,16001,20616,2,3008,762,2,3986,521,230,229
2025-05-12 05:38:55 UTC,10737418240,7476232976,15997,20616,3,3008,713,3,3986,512,251,250
2025-05-12 05:39:55 UTC,10737418240,6091630496,16004,20616,5,3008,803,4,3986,579,270,269
2025-05-12 05:40:58 UTC,10737418240,9259735496,15995,20616,33,3008,1458,18,3986,2046,228,214
2025-05-12 05:41:58 UTC,10737418240,6329321488,16003,20616,2,3008,7351,2,3986,2685,294,310
2025-05-12 05:42:58 UTC,10737418240,5399948704,15994,20616,6,3008,794,5,3986,531,266,263
2025-05-12 05:43:58 UTC,10737418240,9494432944,15999,20616,6,3008,1344,5,3986,875,325,325
2025-05-12 05:44:59 UTC,10737418240,8049044584,15996,20616,9,3008,1338,9,3986,873,319,315
2025-05-12 05:46:02 UTC,10737418240,5195034400,15995,20616,3,3008,1021,3,3986,687,283,289
2025-05-12 05:47:02 UTC,10737418240,3361123920,15992,20616,1,3008,821,2,3986,564,304,305
2025-05-12 05:48:02 UTC,10737418240,8372280520,15992,20616,3,3008,1470,3,3986,923,290,289
2025-05-12 05:49:02 UTC,10737418240,7047954632,15991,20616,4,3008,1470,4,3986,902,287,286
2025-05-12 05:50:06 UTC,10737418240,4752367232,15991,20616,13,3008,594,13,3986,431,287,278
2025-05-12 05:51:06 UTC,10737418240,6454658256,16001,20616,35,3008,1720,20,3986,1746,292,285
2025-05-12 05:52:06 UTC,10737418240,4749671824,16004,20616,4,3008,6040,4,3986,2587,358,374
2025-05-12 05:53:06 UTC,10737418240,8776756560,16001,20616,2,3008,1753,2,3986,1173,288,290
2025-05-12 05:54:06 UTC,10737418240,7422162608,16004,20616,5,3008,551,5,3986,419,308,305
2025-05-12 05:55:06 UTC,10737418240,5329105832,15993,20616,3,3008,636,3,3986,464,258,260
2025-05-12 05:56:08 UTC,10737418240,7839461304,15994,20616,33,3008,1772,21,3986,1474,216,198
2025-05-12 05:57:08 UTC,10737418240,5558655296,15996,20616,3,3008,6755,3,3986,3964,309,327
2025-05-12 05:58:08 UTC,10737418240,4164949640,15996,20616,5,3008,652,5,3986,470,310,308
2025-05-12 05:59:08 UTC,10737418240,8959810136,15992,20616,2,3008,836,2,3986,583,272,275
2025-05-12 06:00:10 UTC,10737418240,6464797432,16006,20616,23,3008,697,22,3986,472,344,324
2025-05-12 06:01:10 UTC,10737418240,3590097272,16138,20616,43,3008,1230,33,3986,1044,1213,1202
2025-05-12 06:02:10 UTC,10737418240,8418151744,16024,20616,4,3008,2821,4,3986,1807,1220,1249
2025-05-12 06:03:10 UTC,10737418240,7027296832,16026,20616,2,3008,565,2,3986,415,332,334
2025-05-12 06:04:10 UTC,10737418240,5815180224,16028,20616,2,3008,1458,2,3986,929,268,268
2025-05-12 06:05:11 UTC,10737418240,8964573552,16025,20616,2,3008,1359,2,3986,874,295,295
2025-05-12 06:06:11 UTC,10737418240,5175979168,16030,20616,9,3008,890,9,3986,635,294,287
2025-05-12 06:07:11 UTC,10737418240,4055520992,16030,20616,2,3008,1766,2,3986,1144,354,361
2025-05-12 06:08:11 UTC,10737418240,8868086472,16032,20616,2,3008,697,2,3986,493,351,351
2025-05-12 06:09:11 UTC,10737418240,7517092784,16028,20616,3,3008,607,3,3986,440,289,288
2025-05-12 06:10:13 UTC,10737418240,4208330576,16027,20616,2,3008,723,3,3986,614,304,304
2025-05-12 06:11:14 UTC,10737418240,6255366824,16028,20616,23,3008,1040,21,3986,667,254,236
2025-05-12 06:12:14 UTC,10737418240,4674515184,16026,20616,2,3008,5126,2,3986,2366,343,362
2025-05-12 06:13:14 UTC,10737418240,3321675576,16031,20616,1,3008,529,1,3986,370,364,365
2025-05-12 06:14:14 UTC,10737418240,8358372192,16025,20616,6,3008,566,5,3986,405,331,327
2025-05-12 06:15:15 UTC,10737418240,4715480752,16025,20616,7,3008,1427,8,3986,929,297,294
2025-05-12 06:16:17 UTC,10737418240,8399716920,16027,20616,38,3008,1407,38,3986,947,301,271
2025-05-12 06:17:17 UTC,10737418240,6054393576,16027,20616,2,3008,9271,3,3986,4869,400,435
2025-05-12 06:18:17 UTC,10737418240,4443452520,16025,20616,4,3008,577,5,3986,410,364,362
2025-05-12 06:19:17 UTC,10737418240,3181579120,16024,20616,3,3008,2078,3,3986,1425,291,293
2025-05-12 06:20:18 UTC,10737418240,5198398544,16023,20616,5,3008,1933,7,3986,1240,315,311
2025-05-12 06:21:19 UTC,10737418240,7259320400,16025,20616,4,3008,889,4,3986,629,328,331
2025-05-12 06:22:19 UTC,10737418240,6322294992,16024,20616,3,3008,788,3,3986,545,324,325
2025-05-12 06:23:19 UTC,10737418240,5150323376,16024,20616,2,3008,1903,2,3986,1315,281,282
2025-05-12 06:24:19 UTC,10737418240,3898545952,16026,20616,2,3008,768,2,3986,535,306,306
2025-05-12 06:25:20 UTC,10737418240,6246882760,16024,20616,11,3008,875,9,3986,586,318,311
2025-05-12 06:26:20 UTC,10737418240,3174053376,16024,20616,26,3008,1446,13,3986,1678,330,326
2025-05-12 06:27:20 UTC,10737418240,2072309296,16030,20616,2,3008,4933,2,3986,1980,360,371
2025-05-12 06:28:20 UTC,10737418240,7080414904,16022,20616,12,3008,631,11,3986,449,315,306
2025-05-12 06:29:20 UTC,10737418240,5843289016,16021,20616,1,3008,1618,2,3986,1084,331,340
2025-05-12 06:30:21 UTC,10737418240,7373420728,16025,20616,3,3008,620,3,3986,439,317,316
2025-05-12 06:31:21 UTC,10737418240,6525699872,16007,20616,31,3008,1510,16,3986,1424,314,301
2025-05-12 06:32:21 UTC,10737418240,5408633056,15995,20616,1,3008,6657,1,3986,3258,294,309
2025-05-12 06:33:22 UTC,10737418240,4368523232,15999,20616,2,3008,1694,3,3986,1104,343,341
2025-05-12 06:34:22 UTC,10737418240,3025188288,15995,20616,4,3008,525,3,3986,378,358,358
2025-05-12 06:35:25 UTC,10737418240,4445877184,15995,20616,6,3008,1300,6,3986,771,339,336
2025-05-12 06:36:25 UTC,10737418240,5731602296,15995,20616,38,3008,1698,20,3986,1369,303,289
2025-05-12 06:37:25 UTC,10737418240,4601539600,16002,20616,3,3008,5759,3,3986,3065,349,366
2025-05-12 06:38:25 UTC,10737418240,3309629256,15996,20616,14,3008,738,13,3986,517,330,320
2025-05-12 06:39:25 UTC,10737418240,2166896816,15996,20616,3,3008,1362,3,3986,949,346,356
2025-05-12 06:40:25 UTC,10737418240,3093603488,15996,20616,30,3008,686,30,3986,477,299,272
2025-05-12 06:41:25 UTC,10737418240,7277977168,16012,20616,57,3008,4081,24,3986,7002,322,328
2025-05-12 06:42:25 UTC,10737418240,6070186376,16014,20616,2,3008,12240,2,3986,3578,388,410
2025-05-12 06:43:25 UTC,10737418240,4845321456,16001,20616,3,3008,942,3,3986,697,361,360
2025-05-12 06:44:25 UTC,10737418240,3581853184,15993,20616,2,3008,659,2,3986,487,355,356
2025-05-12 06:45:26 UTC,10737418240,4015849344,15993,20616,12,3008,582,10,3986,455,341,333
2025-05-12 06:46:26 UTC,10737418240,4725363048,15993,20616,45,3008,1713,31,3986,1329,314,293
2025-05-12 06:47:26 UTC,10737418240,3299619792,15994,20616,5,3008,10000,6,3986,4375,391,416
2025-05-12 06:48:26 UTC,10737418240,1957124792,15993,20616,2,3008,719,2,3986,522,371,375
2025-05-12 06:49:26 UTC,10737418240,9228495576,15999,20616,2,3008,642,2,3986,462,360,360
2025-05-12 06:50:27 UTC,10737418240,9679982608,15999,20616,48,3008,951,36,3986,1138,340,306
2025-05-12 06:51:27 UTC,10737418240,8641805872,16039,20616,3,3008,9818,3,3986,5462,550,583
2025-05-12 06:52:27 UTC,10737418240,8333798272,16037,20616,1,3008,593,1,3986,472,486,488
2025-05-12 06:53:28 UTC,10737418240,8219691848,16003,20616,10,3008,689,9,3986,495,368,360
2025-05-12 06:54:28 UTC,10737418240,8329691336,16014,20616,4,3008,1169,5,3986,816,372,376
2025-05-12 06:55:28 UTC,10737418240,8901149800,16002,20616,10,3008,784,7,3986,664,346,344
2025-05-12 06:56:28 UTC,10737418240,7539271992,16006,20616,57,3008,1671,45,3986,1210,369,331
2025-05-12 06:57:28 UTC,10737418240,5703229800,16001,20616,1,3008,10014,1,3986,5384,438,482
2025-05-12 06:58:28 UTC,10737418240,8851477536,16011,20616,3,3008,520,2,3986,387,359,358
2025-05-12 06:59:28 UTC,10737418240,7556862904,16002,20616,3,3008,1450,3,3986,963,352,351
2025-05-12 07:00:28 UTC,10737418240,8425304720,16019,20616,1,3008,714,1,3986,553,383,385
2025-05-12 07:01:29 UTC,10737418240,8488924928,16014,20616,5,3008,733,6,3986,544,419,414
2025-05-12 07:02:29 UTC,10737418240,7513298312,16008,20616,5,3008,651,5,3986,454,420,421
2025-05-12 07:03:29 UTC,10737418240,6317774040,16004,20616,3,3008,702,4,3986,473,403,404
2025-05-12 07:04:29 UTC,10737418240,5078737888,16003,20616,4,3008,562,4,3986,410,385,385
2025-05-12 07:05:32 UTC,10737418240,5225946696,15999,20616,25,3008,838,24,3986,600,388,368
2025-05-12 07:06:33 UTC,10737418240,7475563048,16019,20616,2,3008,6800,2,3986,3803,436,458
2025-05-12 07:07:33 UTC,10737418240,6276012920,15998,20616,2,3008,657,2,3986,477,381,381
2025-05-12 07:08:33 UTC,10737418240,4961225864,16003,20616,2,3008,638,3,3986,507,374,373
2025-05-12 07:09:33 UTC,10737418240,3722000792,16005,20616,3,3008,560,3,3986,415,392,392
2025-05-12 07:10:33 UTC,10737418240,7739589960,16007,20616,20,3008,660,20,3986,506,349,332
2025-05-12 07:11:33 UTC,10737418240,7419480880,16001,20616,6,3008,9387,7,3986,5192,342,355
2025-05-12 07:12:33 UTC,10737418240,6346313224,15998,20616,4,3008,788,4,3986,574,396,399
2025-05-12 07:13:33 UTC,10737418240,4970854216,16001,20616,14,3008,586,13,3986,413,411,402
2025-05-12 07:14:33 UTC,10737418240,3691869384,16005,20616,4,3008,1371,4,3986,880,424,433
2025-05-12 07:15:34 UTC,10737418240,3753189400,15998,20616,15,3008,873,14,3986,610,354,344
2025-05-12 07:16:34 UTC,10737418240,3192381632,15996,20616,62,3008,1678,48,3986,1305,346,312
2025-05-12 07:17:34 UTC,10737418240,7702362192,15999,20616,4,3008,10563,4,3986,5344,419,463
2025-05-12 07:18:34 UTC,10737418240,6483942496,15995,20616,2,3008,594,2,3986,444,375,377
2025-05-12 07:19:34 UTC,10737418240,5195493568,15996,20616,3,3008,1608,3,3986,1057,389,388
2025-05-12 07:20:34 UTC,10737418240,5153935712,15996,20616,17,3008,780,14,3986,547,335,324
2025-05-12 07:21:34 UTC,10737418240,4692219712,15990,20616,56,3008,2641,56,3986,1172,326,284
2025-05-12 07:22:34 UTC,10737418240,6367194768,15996,20616,3,3008,12835,3,3986,7297,474,527
2025-05-12 07:23:34 UTC,10737418240,5108570840,15996,20616,2,3008,667,2,3986,498,369,370
2025-05-12 07:24:34 UTC,10737418240,3887269864,15995,20616,3,3008,618,3,3986,454,367,366
2025-05-12 07:25:36 UTC,10737418240,5592851192,15991,20616,31,3008,739,29,3986,531,375,349
2025-05-12 07:26:36 UTC,10737418240,5991222744,15992,20616,72,3008,2953,39,3986,4779,403,393
2025-05-12 07:27:36 UTC,10737418240,4419968664,15984,20616,4,3008,9165,4,3986,2723,465,500
2025-05-12 07:28:36 UTC,10737418240,3091906912,15983,20616,1,3008,1396,1,3986,912,408,411
2025-05-12 07:29:36 UTC,10737418240,8023053888,15993,20616,1,3008,513,1,3986,375,451,451
2025-05-12 07:30:36 UTC,10737418240,7775299840,15985,20616,34,3008,807,33,3986,562,340,308
2025-05-12 07:31:36 UTC,10737418240,7207099696,15985,20616,57,3008,3856,30,3986,5068,355,358
2025-05-12 07:32:36 UTC,10737418240,6060325424,15985,20616,2,3008,8980,2,3986,2548,458,486
2025-05-12 07:33:36 UTC,10737418240,4791043568,15989,20616,22,3008,682,21,3986,479,392,373
2025-05-12 07:34:36 UTC,10737418240,3474379120,15991,20616,6,3008,3783,6,3986,1592,458,473
2025-05-12 07:35:37 UTC,10737418240,5476363144,15984,20616,32,3008,840,30,3986,555,399,375
2025-05-12 07:36:37 UTC,10737418240,5160563720,15988,20616,60,3008,4789,27,3986,6501,366,369
2025-05-12 07:37:37 UTC,10737418240,9436606616,15990,20616,1,3008,11954,1,3986,3566,408,434
2025-05-12 07:38:37 UTC,10737418240,8353781936,15990,20616,3,3008,522,3,3986,385,382,380
2025-05-12 07:39:37 UTC,10737418240,7129867352,15982,20616,3,3008,668,3,3986,478,441,441
2025-05-12 07:40:37 UTC,10737418240,6652711848,15981,20616,40,3008,788,39,3986,527,391,355
2025-05-12 07:41:37 UTC,10737418240,3357256432,15982,20616,78,3008,3303,45,3986,6042,392,386
2025-05-12 07:42:37 UTC,10737418240,8233052328,15988,20616,3,3008,10660,2,3986,3617,496,539
2025-05-12 07:43:38 UTC,10737418240,7003741936,15981,20616,2,3008,672,2,3986,465,419,419
2025-05-12 07:44:38 UTC,10737418240,5730959344,16004,20616,2,3008,1326,2,3986,850,419,419
2025-05-12 07:45:38 UTC,10737418240,5028400872,15986,20616,22,3008,843,20,3986,587,429,411
2025-05-12 07:46:38 UTC,10737418240,4975651472,15982,20616,65,3008,1196,47,3986,985,459,432
2025-05-12 07:47:38 UTC,10737418240,9059849016,15982,20616,1,3008,9881,1,3986,4355,491,537
2025-05-12 07:48:39 UTC,10737418240,7805610416,15981,20616,4,3008,588,4,3986,408,462,459
2025-05-12 07:49:39 UTC,10737418240,6446383400,15977,20616,3,3008,627,3,3986,442,478,479
2025-05-12 07:50:39 UTC,10737418240,8758577776,15996,20616,44,3008,696,43,3986,507,416,376
2025-05-12 07:51:39 UTC,10737418240,8665183656,16025,20616,4,3008,7344,4,3986,3835,589,628
2025-05-12 07:52:39 UTC,10737418240,7189380712,16019,20616,3,3008,424,3,3986,342,604,605
2025-05-12 07:53:39 UTC,10737418240,5798703256,16015,20616,3,3008,652,4,3986,479,424,423
2025-05-12 07:54:39 UTC,10737418240,4429274472,16005,20616,1,3008,1371,1,3986,914,422,425
2025-05-12 07:55:39 UTC,10737418240,3321881504,16005,20616,31,3008,763,28,3986,500,365,338
2025-05-12 07:56:39 UTC,10737418240,3632841136,16003,20616,58,3008,4793,22,3986,4783,393,399
2025-05-12 07:57:39 UTC,10737418240,8274539472,15995,20616,2,3008,7155,2,3986,1739,524,544
2025-05-12 07:58:39 UTC,10737418240,7245018224,15999,20616,23,3008,553,21,3986,387,460,441
2025-05-12 07:59:39 UTC,10737418240,6022396776,15993,20616,3,3008,4036,4,3986,1920,518,535
2025-05-12 08:00:39 UTC,10737418240,5582628872,16018,20616,52,3008,854,49,3986,614,486,441
2025-05-12 08:01:39 UTC,10737418240,4460394496,16083,20616,96,3008,1966,64,3986,3349,874,859
2025-05-12 08:02:39 UTC,10737418240,8363056488,16001,20616,3,3008,16580,3,3986,6304,523,584
2025-05-12 08:03:39 UTC,10737418240,7008718816,15994,20616,2,3008,595,3,3986,429,475,475
2025-05-12 08:04:39 UTC,10737418240,5653754120,15996,20616,37,3008,563,35,3986,400,495,463
2025-05-12 08:05:41 UTC,10737418240,4993981920,15996,20616,79,3008,6785,46,3986,3471,464,453
2025-05-12 08:06:41 UTC,10737418240,2769450624,16002,20616,1,3008,15696,2,3986,6400,514,558
2025-05-12 08:07:41 UTC,10737418240,8001987776,16000,20616,4,3008,486,4,3986,387,504,502
2025-05-12 08:08:41 UTC,10737418240,6828487120,15994,20616,1,3008,339,2,3986,285,586,588
2025-05-12 08:09:42 UTC,10737418240,5464729280,15996,20616,2,3008,507,2,3986,407,494,494
2025-05-12 08:10:42 UTC,10737418240,8424649360,16006,20616,47,3008,821,45,3986,558,425,382
2025-05-12 08:11:42 UTC,10737418240,8251343200,16000,20616,109,3008,2689,73,3986,4187,517,489
2025-05-12 08:12:42 UTC,10737418240,6072452904,16008,20616,3,3008,14686,3,3986,6022,547,617
2025-05-12 08:13:42 UTC,10737418240,4759903152,16014,20616,34,3008,814,12,3986,1088,492,483
2025-05-12 08:14:42 UTC,10737418240,3242559872,16003,20616,4,3008,3349,4,3986,1152,547,555
2025-05-12 08:15:43 UTC,10737418240,7416391816,16117,20616,93,3008,1180,95,3986,783,715,624
2025-05-12 08:16:43 UTC,10737418240,7100145776,16017,20616,115,3008,2896,84,3986,4152,634,645
2025-05-12 08:17:43 UTC,10737418240,5226852912,15999,20616,3,3008,17760,3,3986,8592,612,693
2025-05-12 08:18:43 UTC,10737418240,3905004016,15998,20616,43,3008,764,22,3986,856,478,459
2025-05-12 08:19:43 UTC,10737418240,2556516768,16006,20616,2,3008,4112,2,3986,1808,488,508
2025-05-12 08:20:43 UTC,10737418240,7877305424,16012,20616,64,3008,1743,49,3986,1360,430,381
2025-05-12 08:21:43 UTC,10737418240,6659303672,15998,20616,129,3008,4378,97,3986,5743,543,495
2025-05-12 08:22:43 UTC,10737418240,4827071304,15989,20616,137,3008,14540,46,3986,10182,637,688
2025-05-12 08:23:44 UTC,10737418240,8136061200,15985,20616,2,3008,22742,3,3986,3897,512,555
2025-05-12 08:24:44 UTC,10737418240,6721406528,15993,20616,49,3008,581,28,3986,800,529,504
2025-05-12 08:25:44 UTC,10737418240,7991280048,16010,20616,99,3008,4005,65,3986,2302,517,480
2025-05-12 08:26:44 UTC,10737418240,2342248424,15994,20616,3,3008,19250,3,3986,8923,513,575
2025-05-12 08:27:45 UTC,10737418240,7427913808,16002,20616,28,3008,533,27,3986,389,568,544
2025-05-12 08:28:45 UTC,10737418240,5808442728,16014,20616,8,3008,7983,8,3986,3268,583,602
2025-05-12 08:29:45 UTC,10737418240,4474223528,15986,20616,5,3008,556,6,3986,421,593,595
2025-05-12 08:30:45 UTC,10737418240,2897402352,16008,20616,45,3008,850,43,3986,611,432,395
2025-05-12 08:31:45 UTC,10737418240,2738254688,15990,20616,86,3008,3899,52,3986,5406,512,503
2025-05-12 08:32:45 UTC,10737418240,6947691776,15999,20616,3,3008,11713,3,3986,3904,674,723
2025-05-12 08:33:45 UTC,10737418240,5665837712,15984,20616,3,3008,590,3,3986,416,449,449
2025-05-12 08:34:45 UTC,10737418240,4385329168,16001,20616,50,3008,829,29,3986,833,488,462
2025-05-12 08:35:47 UTC,10737418240,7462791824,15993,20616,116,3008,1518,84,3986,2806,516,461
2025-05-12 08:36:47 UTC,10737418240,6517105472,16007,20616,95,3008,13285,28,3986,10126,611,667
2025-05-12 08:37:48 UTC,10737418240,4882184456,15996,20616,3,3008,17997,3,3986,1711,502,527
2025-05-12 08:38:48 UTC,10737418240,3365574216,15992,20616,47,3008,780,26,3986,908,467,444
2025-05-12 08:39:48 UTC,10737418240,1860859432,15988,20616,4,3008,3725,5,3986,1511,573,594
2025-05-12 08:40:48 UTC,10737418240,9519436096,15990,20616,64,3008,1588,47,3986,1160,455,413
2025-05-12 08:41:48 UTC,10737418240,3633042752,15995,20616,102,3008,3561,68,3986,5541,537,516
2025-05-12 08:42:49 UTC,10737418240,7852908880,15997,20616,4,3008,15194,3,3986,5021,591,656
2025-05-12 08:43:49 UTC,10737418240,6291239848,15989,20616,2,3008,1232,2,3986,820,556,557
2025-05-12 08:44:49 UTC,10737418240,4867312800,15988,20616,3,3008,428,3,3986,324,594,593
2025-05-12 08:45:49 UTC,10737418240,7861087208,15987,20616,58,3008,920,57,3986,656,422,368
2025-05-12 08:46:50 UTC,10737418240,8250241704,16005,20616,73,3008,9032,20,3986,6386,595,632
2025-05-12 08:47:51 UTC,10737418240,6053873888,15981,20616,2,3008,9838,2,3986,2835,530,548
2025-05-12 08:48:51 UTC,10737418240,4457783792,15975,20616,47,3008,548,26,3986,657,543,519
2025-05-12 08:49:51 UTC,10737418240,9205809520,15978,20616,5,3008,3716,5,3986,1708,556,577
2025-05-12 08:50:52 UTC,10737418240,6022888312,16008,20616,59,3008,1313,46,3986,908,552,511
2025-05-12 08:51:52 UTC,10737418240,7208540448,16002,20616,79,3008,7981,26,3986,5494,617,637
2025-05-12 08:52:52 UTC,10737418240,8406479040,15986,20616,3,3008,6218,4,3986,1994,698,720
2025-05-12 08:53:52 UTC,10737418240,6730199416,16006,20616,56,3008,661,34,3986,806,565,535
2025-05-12 08:54:52 UTC,10737418240,5158209272,15994,20616,2,3008,3395,3,3986,1409,588,619
2025-05-12 08:55:52 UTC,10737418240,7577080200,15996,20616,43,3008,652,43,3986,436,437,397
2025-05-12 08:56:52 UTC,10737418240,4435247744,15982,20616,3,3008,10665,3,3986,5135,505,545
2025-05-12 08:57:52 UTC,10737418240,2958116976,15983,20616,2,3008,562,3,3986,401,464,464
2025-05-12 08:58:53 UTC,10737418240,7544786096,15977,20616,46,3008,681,24,3986,893,525,504
2025-05-12 08:59:53 UTC,10737418240,6078107328,15976,20616,6,3008,3467,7,3986,1252,520,537
2025-05-12 09:00:53 UTC,10737418240,8837304928,15972,20616,42,3008,1148,41,3986,823,405,371
2025-05-12 09:01:54 UTC,10737418240,5018176224,15977,20616,3,3008,11697,3,3986,6022,512,550
2025-05-12 09:02:54 UTC,10737418240,8348283032,15980,20616,23,3008,527,23,3986,404,495,475
2025-05-12 09:03:54 UTC,10737418240,7040624416,15977,20616,4,3008,1400,3,3986,967,477,496
2025-05-12 09:04:54 UTC,10737418240,5675438184,15972,20616,5,3008,684,6,3986,506,477,474
2025-05-12 09:05:56 UTC,10737418240,8233650072,15970,20616,59,3008,1386,44,3986,884,428,390
2025-05-12 09:06:56 UTC,10737418240,4527259088,15972,20616,70,3008,10173,15,3986,7280,528,557
2025-05-12 09:07:56 UTC,10737418240,2927875240,15969,20616,5,3008,9250,6,3986,1210,462,471
2025-05-12 09:08:56 UTC,10737418240,7875896184,15973,20616,5,3008,546,5,3986,400,520,521
2025-05-12 09:09:58 UTC,10737418240,6210286656,15989,20616,54,3008,722,33,3986,693,683,655
2025-05-12 09:10:58 UTC,10737418240,8284830728,15981,20616,7,3008,4949,7,3986,2080,566,592
2025-05-12 09:11:58 UTC,10737418240,5768845616,15973,20616,5,3008,740,5,3986,503,645,647
2025-05-12 09:14:43 UTC,10737418240,8191383368,15891,20616,128,3008,1629,132,3986,1532,502,374
